{
  "cognitiveModels": {
    "en-us": {
      "languageModels": [
        {
          "id": "General",
          "name": "",
          "appId": "",
          "version": "0.1",
          "region": "",
          "authoringKey": "",
          "authoringRegion": "",
          "subscriptionKey": ""
        },
        {
          "id": "CalendarSkill",
          "name": "",
          "appId": "",
          "version": "0.1",
          "region": "",
          "authoringKey": "",
          "authoringRegion": "",
          "subscriptionKey": ""
        }
      ]
    }
  },
  "defaultLocale": "en-us"
}
