{
  "cognitiveModels": {
    "en-us": {
      "dispatchModel": {
        "appid": "",
        "authoringkey": "",
        "authoringRegion": "",
        "name": "",
        "region": "",
        "subscriptionkey": "",
        "type": "dispatch"
      },
      "languageModels": [
        {
          "appid": "",
          "authoringkey": "",
          "authoringRegion": "",
          "id": "",
          "name": "",
          "region": "",
          "subscriptionkey": "",
          "version": ""
        }
      ],
      "knowledgebases": [
        {
          "endpointKey": "",
          "hostname": "",
          "id": "",
          "kbId": "",
          "name": "",
          "subscriptionKey": ""
        }
      ]
    }
  },
  "defaultLocale": "en-us"
}