{
  "$schema": "https://schemas.botframework.com/schemas/skills/skill-manifest-2.1.preview-0.json",
  "$id": "CalendarSkill",
  "name": "CalendarSkill",
  "description": "CalendarSkill description",
  "publisherName": "Your Company",
  "version": "1.1",
  "iconUrl": "https://{YOUR_SKILL_URL}/CalendarSkill.png",
  "copyright": "Copyright (c) Microsoft Corporation. All rights reserved.",
  "license": "",
  "privacyUrl": "https://{YOUR_SKILL_URL}/privacy.html",
  "tags": [
    "sample",
    "skill"
  ],
  "endpoints": [
    {
      "name": "production",
      "protocol": "BotFrameworkV3",
      "description": "Production endpoint for the CalendarSkill",
      "endpointUrl": "https://{YOUR_SKILL_URL}/api/messages",
      "msAppId": "{YOUR_SKILL_APPID}"
    }
  ],
  "dispatchModels": {
    "languages": {
      "en-us": [
        {
          "id": "CalendarSkillLuModel-en",
          "name": "CalendarSkill LU (English)",
          "contentType": "application/lu",
          "url": "file://CalendarSkill.lu",
          "description": "English language model for the skill"
        }
      ],
      "de-de": [
        {
          "id": "CalendarSkillLuModel-de",
          "name": "CalendarSkill LU (German)",
          "contentType": "application/lu",
          "url": "file://CalendarSkill.lu",
          "description": "German language model for the skill"
        }
      ],
      "es-es": [
        {
          "id": "CalendarSkillLuModel-es",
          "name": "CalendarSkill LU (Spanish)",
          "contentType": "application/lu",
          "url": "file://CalendarSkill.lu",
          "description": "Spanish language model for the skill"
        }
      ],
      "fr-fr": [
        {
          "id": "CalendarSkillLuModel-fr",
          "name": "CalendarSkill LU (French)",
          "contentType": "application/lu",
          "url": "file://CalendarSkill.lu",
          "description": "French language model for the skill"
        }
      ],
      "it-it": [
        {
          "id": "CalendarSkillLuModel-it",
          "name": "CalendarSkill LU (Italian)",
          "contentType": "application/lu",
          "url": "file://CalendarSkill.lu",
          "description": "Italian language model for the skill"
        }
      ],
      "zh-cn": [
        {
          "id": "CalendarSkillLuModel-zh",
          "name": "CalendarSkill LU (Chinese)",
          "contentType": "application/lu",
          "url": "file://CalendarSkill.lu",
          "description": "Chinese language model for the skill"
        }
      ]
    },
    "intents": {
      "Sample": "#/activities/message",
      "*": "#/activities/message"
    }
  },
  "activities": {
    "sampleAction": {
      "description": "Sample action which accepts an input object and returns an object back.",
      "type": "event",
      "name": "SampleAction",
      "value": {
        "$ref": "#/definitions/inputObject"
      },
      "resultValue": {
        "$ref": "#/definitions/responseObject"
      }
    },
    "message": {
      "type": "message",
      "description": "Receives the users utterance and attempts to resolve it using the skill's LU models"
    }
  },
  "definitions": {
    "inputObject": {
      "type": "object",
      "properties": {
        "name": {
          "type": "string",
          "description": "The users name."
        }
      }
    },
    "responseObject": {
      "type": "object",
      "properties": {
        "customerId": {
          "type": "integer",
          "description": "A customer identifier."
        }
      }
    }
  }
}