{
  "$schema": "https://schema.management.azure.com/schemas/2015-01-01/deploymentTemplate.json",
  "contentVersion": "1.0.0.0",
  "parameters": {
    "name": {
      "type": "string",
      "defaultValue": "[resourceGroup().name]"
    },
    "location": {
      "type": "string",
      "defaultValue": "[resourceGroup().location]"
    },
    "suffix": {
      "type": "string",
      "defaultValue": "[take(uniqueString(resourceGroup().id), 7)]"
    },
    "microsoftAppId": {
      "type": "string"
    },
    "microsoftAppPassword": {
      "type": "string"
    },
    "useCosmosDb": {
      "type": "bool",
      "defaultValue": true
    },
    "cosmosDbName": {
      "type": "string",
      "defaultValue": "[concat(parameters('name'), '-', parameters('suffix'))]"
    },
    "useStorage": {
      "type": "bool",
      "defaultValue": true
    },
    "storageAccountName": {
      "type": "string",
      "defaultValue": "[concat(parameters('name'), '-', parameters('suffix'))]"
    },
    "appServicePlanName": {
      "type": "string",
      "defaultValue": "[concat(parameters('name'), '-', parameters('suffix'))]"
    },
    "appServicePlanSku": {
      "type": "object",
      "defaultValue": {
        "tier": "Standard",
        "name": "S1"
      }
    },
    "appInsightsName": {
      "type": "string",
      "defaultValue": "[concat(parameters('name'), '-', parameters('suffix'))]"
    },
    "appInsightsLocation": {
      "type": "string",
      "defaultValue": "[resourceGroup().location]"
    },
    "botWebAppName": {
      "type": "string",
      "defaultValue": "[concat(parameters('name'), '-', parameters('suffix'))]"
    },
    "botServiceName": {
      "type": "string",
      "defaultValue": "[concat(parameters('name'), '-', parameters('suffix'))]"
    },
    "botServiceSku": {
      "type": "string",
      "defaultValue": "S1"
    },
    "useContentModerator": {
      "type": "bool",
      "defaultValue": true
    },
    "contentModeratorName": {
      "type": "string",
      "defaultValue": "[concat(parameters('name'), '-cm-', parameters('suffix'))]"
    },
    "contentModeratorSku": {
      "type": "string",
      "defaultValue": "S0"
    },
    "contentModeratorLocation": {
      "type": "string",
      "defaultValue": "[resourceGroup().location]"
    },
    "luisServiceName": {
      "type": "string",
      "defaultValue": "[concat(parameters('name'), '-luis-', parameters('suffix'))]"
    },
    "luisServiceSku": {
      "type": "string",
      "defaultValue": "S0"
    },
    "luisServiceLocation": {
      "type": "string",
      "defaultValue": "[resourceGroup().location]"
    },
    "qnaMakerServiceName": {
      "type": "string",
      "defaultValue": "[concat(parameters('name'), '-qna-', parameters('suffix'))]"
    },
    "qnaMakerServiceSku": {
      "type": "string",
      "defaultValue": "S0"
    },
    "qnaServiceLocation": {
      "type": "string",
      "defaultValue": "[resourceGroup().location]"
    },
    "qnaMakerSearchName": {
      "type": "string",
      "defaultValue": "[concat(parameters('name'), '-search-', parameters('suffix'))]"
    },
    "qnaMakerSearchSku": {
      "type": "string",
      "defaultValue": "standard"
    },
    "qnaMakerWebAppName": {
      "type": "string",
      "defaultValue": "[concat(parameters('name'), '-qnahost-', parameters('suffix'))]"
    }
  },
  "variables": {
    "botWebAppName": "[replace(parameters('botWebAppName'), '_', '')]",
    "storageAccountName": "[toLower(take(replace(replace(parameters('storageAccountName'), '-', ''), '_', ''), 24))]",
    "cosmosDbAccountName": "[toLower(take(replace(parameters('cosmosDbName'), '_', ''), 31))]",
    "qnaMakerSearchName": "[toLower(replace(parameters('qnaMakerSearchName'), '_', ''))]",
    "qnaMakerWebAppName": "[replace(parameters('qnaMakerWebAppName'), '_', '')]",
    "botEndpoint": "[concat('https://', toLower(variables('botWebAppName')), '.azurewebsites.net/api/messages')]"
  },
  "resources": [
    {
      "apiVersion": "2018-02-01",
      "name": "3822b5f4-d098-4b57-9ee6-3bee686aec4c",
      "type": "Microsoft.Resources/deployments",
      "properties": {
        "mode": "Incremental",
        "template": {
          "$schema": "https://schema.management.azure.com/schemas/2015-01-01/deploymentTemplate.json#",
          "contentVersion": "1.0.0.0",
          "resources": []
        }
      }
    },
    {
      "comments": "CosmosDB for bot state.",
      "type": "Microsoft.DocumentDB/databaseAccounts",
      "kind": "GlobalDocumentDB",
      "apiVersion": "2015-04-08",
      "name": "[variables('cosmosDbAccountName')]",
      "location": "[parameters('location')]",
      "properties": {
        "databaseAccountOfferType": "Standard",
        "locations": [
          {
            "locationName": "[parameters('location')]",
            "failoverPriority": 0
          }
        ]
      },
      "condition": "[parameters('useCosmosDb')]"
    },
    {
      "comments": "storage account",
      "type": "Microsoft.Storage/storageAccounts",
      "kind": "StorageV2",
      "apiVersion": "2018-07-01",
      "name": "[variables('storageAccountName')]",
      "location": "[parameters('location')]",
      "sku": {
        "name": "Standard_LRS"
      },
      "condition": "[parameters('useStorage')]"
    },
    {
      "comments": "app service plan",
      "type": "Microsoft.Web/serverFarms",
      "apiVersion": "2018-02-01",
      "name": "[parameters('appServicePlanName')]",
      "location": "[parameters('location')]",
      "sku": "[parameters('appServicePlanSku')]",
      "properties": {}
    },
    {
      "comments": "app insights",
      "type": "Microsoft.Insights/components",
      "kind": "web",
      "apiVersion": "2015-05-01",
      "name": "[parameters('appInsightsName')]",
      "location": "[parameters('appInsightsLocation')]",
      "properties": {
        "Application_Type": "web"
      }
    },
    {
      "comments": "bot web app",
      "type": "Microsoft.Web/sites",
      "apiVersion": "2018-02-01",
      "name": "[variables('botWebAppName')]",
      "location": "[parameters('location')]",
      "properties": {
        "serverFarmId": "[resourceId('Microsoft.Web/serverfarms', parameters('appServicePlanName'))]",
        "siteConfig": {
          "webSocketsEnabled": true,
          "appSettings": [
            {
              "name": "MicrosoftAppId",
              "value": "[parameters('microsoftAppId')]"
            },
            {
              "name": "MicrosoftAppPassword",
              "value": "[parameters('microsoftAppPassword')]"
            }
          ]
        }
      },
      "dependsOn": [
        "[resourceId('Microsoft.Web/serverfarms', parameters('appServicePlanName'))]"
      ]
    },
    {
      "comments": "bot service",
      "type": "Microsoft.BotService/botServices",
      "kind": "sdk",
      "apiVersion": "2018-07-12",
      "name": "[parameters('botServiceName')]",
      "location": "global",
      "sku": {
        "name": "[parameters('botServiceSku')]"
      },
      "properties": {
        "displayName": "[parameters('botServiceName')]",
        "endpoint": "[variables('botEndpoint')]",
        "isStreamingSupported": true,
        "msaAppId": "[parameters('microsoftAppId')]",
        "developerAppInsightKey": "[reference(resourceId('Microsoft.Insights/components', parameters('appInsightsName'))).InstrumentationKey]",
        "developerAppInsightsApplicationId": "[reference(resourceId('Microsoft.Insights/components', parameters('appInsightsName'))).ApplicationId]"
      }
    },
    {
      "comments": "Content Moderator service for detecting PII and racy content.",
      "type": "Microsoft.CognitiveServices/accounts",
      "kind": "ContentModerator",
      "apiVersion": "2017-04-18",
      "name": "[parameters('contentModeratorName')]",
      "location": "[parameters('contentModeratorLocation')]",
      "sku": {
        "name": "[parameters('contentModeratorSku')]"
      },
      "condition": "[parameters('useContentModerator')]"
    },
    {
      "comments": "Cognitive service key for all LUIS apps.",
      "type": "Microsoft.CognitiveServices/accounts",
      "kind": "LUIS",
      "apiVersion": "2017-04-18",
      "name": "[parameters('luisServiceName')]",
      "location": "[parameters('luisServiceLocation')]",
      "sku": {
        "name": "[parameters('luisServiceSku')]"
      }
    },
    {
      "comments": "Cognitive service key for all QnA Maker knowledgebases.",
      "type": "Microsoft.CognitiveServices/accounts",
      "kind": "QnAMaker",
      "apiVersion": "2017-04-18",
      "name": "[parameters('qnaMakerServiceName')]",
      "location": "westus",
      "sku": {
        "name": "[parameters('qnaMakerServiceSku')]"
      },
      "properties": {
        "apiProperties": {
          "qnaRuntimeEndpoint": "[concat('https://',reference(resourceId('Microsoft.Web/sites', variables('qnaMakerWebAppName'))).hostNames[0])]"
        }
      },
      "dependsOn": [
        "[resourceId('Microsoft.Web/Sites', variables('qnaMakerWebAppName'))]",
        "[resourceId('Microsoft.Search/searchServices/', variables('qnaMakerSearchName'))]",
        "[resourceId('microsoft.insights/components/', parameters('appInsightsName'))]"
      ]
    },
    {
      "comments": "Search service for QnA Maker service.",
      "type": "Microsoft.Search/searchServices",
      "apiVersion": "2015-08-19",
      "name": "[variables('qnaMakerSearchName')]",
      "location": "[parameters('qnaServiceLocation')]",
      "sku": {
        "name": "[parameters('qnaMakerSearchSku')]"
      },
      "properties": {
        "replicaCount": 1,
        "partitionCount": 1,
        "hostingMode": "default"
      }
    },
    {
      "comments": "Web app for QnA Maker service.",
      "type": "Microsoft.Web/sites",
      "apiVersion": "2016-08-01",
      "name": "[variables('qnaMakerWebAppName')]",
      "location": "[parameters('qnaServiceLocation')]",
      "properties": {
        "enabled": true,
        "name": "[variables('qnaMakerWebAppName')]",
        "hostingEnvironment": "",
        "serverFarmId": "[concat('/subscriptions/', subscription().id,'/resourcegroups/', resourceGroup().name, '/providers/Microsoft.Web/serverfarms/', parameters('appServicePlanName'))]",
        "siteConfig": {
          "cors": {
            "allowedOrigins": [
              "*"
            ]
          }
        }
      },
      "dependsOn": [
        "[concat('Microsoft.Web/serverfarms/', parameters('appServicePlanName'))]"
      ],
      "resources": [
        {
          "apiVersion": "2016-08-01",
          "dependsOn": [
            "[resourceId('Microsoft.Web/Sites', variables('qnaMakerWebAppName'))]",
            "[resourceId('Microsoft.Insights/components', parameters('appInsightsName'))]",
            "[resourceId('Microsoft.Search/searchServices/', variables('qnaMakerSearchName'))]"
          ],
          "name": "appsettings",
          "properties": {
            "AzureSearchAdminKey": "[listKeys(resourceId('Microsoft.Search/searchServices/', variables('qnaMakerSearchName')), '2015-08-19').keys[0].value]",
            "AzureSearchName": "[variables('qnaMakerSearchName')]",
            "DefaultAnswer": "No good match found in KB.",
            "PrimaryEndpointKey": "[concat(variables('qnaMakerWebAppName'), '-PrimaryEndpointKey')]",
            "QNAMAKER_EXTENSION_VERSION": "latest",
            "SecondaryEndpointKey": "[concat(variables('qnaMakerWebAppName'), '-SecondaryEndpointKey')]",
            "UserAppInsightsAppId": "[reference(resourceId('Microsoft.Insights/components/', parameters('appInsightsName')), '2015-05-01').AppId]",
            "UserAppInsightsKey": "[reference(resourceId('Microsoft.Insights/components/', parameters('appInsightsName')), '2015-05-01').InstrumentationKey]",
            "UserAppInsightsName": "[parameters('appInsightsName')]"
          },
          "type": "config"
        }
      ]
    }
  ],
  "outputs": {
    "resourceGroupName": {
      "type": "string",
      "value": "[parameters('name')]"
    },
    "botWebAppName": {
      "type": "string",
      "value": "[variables('botWebAppName')]"
    },
    "ApplicationInsights": {
      "type": "object",
      "value": {
        "InstrumentationKey": "[reference(resourceId('Microsoft.Insights/components', parameters('appInsightsName'))).InstrumentationKey]"
      }
    },
    "blobStorage": {
      "type": "object",
      "value": {
        "connectionString": "[if(parameters('useStorage'), concat('DefaultEndpointsProtocol=https;AccountName=', variables('storageAccountName'), ';AccountKey=', listKeys(resourceId('Microsoft.Storage/storageAccounts', variables('storageAccountName')), '2018-07-01').keys[0].value, ';EndpointSuffix=core.windows.net'), '')]",
        "container": "transcripts"
      }
    },
    "cosmosDb": {
      "type": "object",
      "value": {
        "cosmosDBEndpoint": "[if(parameters('useCosmosDb'), reference(resourceId('Microsoft.DocumentDB/databaseAccounts', variables('cosmosDbAccountName'))).documentEndpoint, '')]",
        "authKey": "[if(parameters('useCosmosDb'), listKeys(resourceId('Microsoft.DocumentDB/databaseAccounts', variables('cosmosDbAccountName')), '2015-04-08').primaryMasterKey, '')]",
        "databaseId": "botstate-db",
        "collectionId": "botstate-collection"
      }
    },
    "luis": {
      "type": "object",
      "value": {
        "accountName": "[parameters('luisServiceName')]",
        "region": "[parameters('luisServiceLocation')]",
        "key": "[listKeys(resourceId('Microsoft.CognitiveServices/accounts', parameters('luisServiceName')),'2017-04-18').key1]"
      }
    },
    "qnaMaker": {
      "type": "object",
      "value": {
        "endpoint": "[concat('https://', reference(resourceId('Microsoft.Web/sites', variables('qnaMakerWebAppName'))).hostNames[0])]",
        "key": "[listKeys(resourceId('Microsoft.CognitiveServices/accounts', parameters('qnaMakerServiceName')),'2017-04-18').key1]"
      }
    },
    "contentModerator": {
      "type": "object",
      "value": {
        "key": "[if(parameters('useContentModerator'), listKeys(resourceId('Microsoft.CognitiveServices/accounts', parameters('contentModeratorName')),'2017-04-18').key1, '')]"
      }
    }
  }
}